{"cameraMode":{"drawMode":0,"name":"Shaded","section":"Shading Mode"},"sceneLighting":false,"audioPlay":false,"sceneViewState":{"m_AlwaysRefresh":false,"showFog":true,"showSkybox":false,"showFlares":true,"showImageEffects":true,"showParticleSystems":true,"showVisualEffectGraphs":true,"m_FxEnabled":true},"in2DMode":false,"pivot":{"x":-1.4475191831588746,"y":-1.1351429224014283,"z":-0.40841007232666018},"rotation":{"x":0.17276503145694734,"y":-0.7008329033851624,"z":0.18104322254657746,"w":0.6681985259056091},"size":4.781686782836914,"orthographic":false}