{"cameraMode":{"drawMode":0,"name":"Shaded","section":"Shading Mode"},"sceneLighting":false,"audioPlay":false,"sceneViewState":{"m_AlwaysRefresh":false,"showFog":true,"showSkybox":false,"showFlares":true,"showImageEffects":true,"showParticleSystems":true,"showVisualEffectGraphs":true,"m_FxEnabled":true},"in2DMode":false,"pivot":{"x":1.152338981628418,"y":0.14118218421936036,"z":2.455792188644409},"rotation":{"x":0.11476477980613709,"y":0.7088287472724915,"z":-0.11878073960542679,"w":0.6859909296035767},"size":2.9326229095458986,"orthographic":false}