{"cameraMode":{"drawMode":0,"name":"Shaded","section":"Shading Mode"},"sceneLighting":false,"audioPlay":false,"sceneViewState":{"m_AlwaysRefresh":false,"showFog":true,"showSkybox":false,"showFlares":true,"showImageEffects":true,"showParticleSystems":true,"showVisualEffectGraphs":true,"m_FxEnabled":true},"in2DMode":false,"pivot":{"x":0.00006628036499023438,"y":0.7811613082885742,"z":0.06426587700843811},"rotation":{"x":-0.16073307394981385,"y":0.021037528291344644,"z":-0.00246477872133255,"w":-0.9870664477348328},"size":1.5721435546875,"orthographic":false}