{"cameraMode":{"drawMode":0,"name":"Shaded","section":"Shading Mode"},"sceneLighting":false,"audioPlay":false,"sceneViewState":{"m_AlwaysRefresh":false,"showFog":true,"showSkybox":false,"showFlares":true,"showImageEffects":true,"showParticleSystems":true,"showVisualEffectGraphs":true,"m_FxEnabled":true},"in2DMode":false,"pivot":{"x":7.344634056091309,"y":-1.8694483041763306,"z":10.824241638183594},"rotation":{"x":0.10273829847574234,"y":0.22808189690113069,"z":-0.025012383237481118,"w":0.9681978821754456},"size":9.160369873046875,"orthographic":false}