{"cameraMode":{"drawMode":0,"name":"Shaded","section":"Shading Mode"},"sceneLighting":true,"audioPlay":false,"sceneViewState":{"m_AlwaysRefresh":false,"showFog":true,"showSkybox":true,"showFlares":true,"showImageEffects":true,"showParticleSystems":true,"showVisualEffectGraphs":true,"m_FxEnabled":true},"in2DMode":false,"pivot":{"x":0.13155701756477357,"y":2.148036241531372,"z":1.8434196710586548},"rotation":{"x":0.0020509762689471246,"y":-0.9506918787956238,"z":0.31010785698890688,"w":0.006280857138335705},"size":0.01730530895292759,"orthographic":false}